Workbook

Sheet Uebersicht
A1: Starkregen-Gefahrenanalyse Essen-Kupferdreh - Uebersicht
A2: Anzahl und Grundflaeche der Gebaeude je Risikoklasse (berechnet aus Blatt "Alle Gebaeude")
A4: Risikoklasse | B4: Bezeichnung | C4: Anzahl Gebaeude | D4: Anteil Anzahl (%) | E4: Grundflaeche (m2) | F4: Anteil Flaeche (%)
A5: 3 | B5: Hoch | C5: =COUNTIF('Alle Gebaeude'!H$5:H$2868,A5) | D5: =C5/C$9*100 | E5: =SUMIF('Alle Gebaeude'!H$5:H$2868,A5,'Alle Gebaeude'!E$5:E$2868) | F5: =E5/E$9*100
A6: 2 | B6: Mittel | C6: =COUNTIF('Alle Gebaeude'!H$5:H$2868,A6) | D6: =C6/C$9*100 | E6: =SUMIF('Alle Gebaeude'!H$5:H$2868,A6,'Alle Gebaeude'!E$5:E$2868) | F6: =E6/E$9*100
A7: 1 | B7: Gering | C7: =COUNTIF('Alle Gebaeude'!H$5:H$2868,A7) | D7: =C7/C$9*100 | E7: =SUMIF('Alle Gebaeude'!H$5:H$2868,A7,'Alle Gebaeude'!E$5:E$2868) | F7: =E7/E$9*100
A8: 0 | B8: Kein Risiko | C8: =COUNTIF('Alle Gebaeude'!H$5:H$2868,A8) | D8: =C8/C$9*100 | E8: =SUMIF('Alle Gebaeude'!H$5:H$2868,A8,'Alle Gebaeude'!E$5:E$2868) | F8: =E8/E$9*100
B9: Summe | C9: =SUM(C5:C8) | D9: =SUM(D5:D8) | E9: =SUM(E5:E8) | F9: =SUM(F5:F8)
A11: Gebaeude mit Risiko (Klasse 1-3) | C11: =C5+C6+C7 | D11: =D5+D6+D7

Sheet Strassen
A1: Strassen mit den meisten Gebaeuden der Risikoklasse Hoch
A2: Nur Gebaeude mit Strassenangabe in OpenStreetMap
A4: Rang | B4: Strasse | C4: Gebaeude Hoch | D4: Gebaeude Mittel | E4: Gebaeude Gering | F4: Gebaeude gesamt | G4: Max. Senkentiefe (m)
A5: 1 | B5: Kupferdreher Straße | C5: =COUNTIFS('Alle Gebaeude'!C$5:C$2868,B5,'Alle Gebaeude'!H$5:H$2868,3) | D5: =COUNTIFS('Alle Gebaeude'!C$5:C$2868,B5,'Alle Gebaeude'!H$5:H$2868,2) | E5: =COUNTIFS('Alle Gebaeude'!C$5:C$2868,B5,'Alle Gebaeude'!H$5:H$2868,1) | F5: =COUNTIF('Alle Gebaeude'!C$5:C$2868,B5) | G5: =_xlfn.MAXIFS('Alle Gebaeude'!F$5:F$2868,'Alle Gebaeude'!C$5:C$2868,B5)
A6: 2 | B6: Byfanger Straße | C6: =COUNTIFS('Alle Gebaeude'!C$5:C$2868,B6,'Alle Gebaeude'!H$5:H$2868,3) | D6: =COUNTIFS('Alle Gebaeude'!C$5:C$2868,B6,'Alle Gebaeude'!H$5:H$2868,2) | E6: =COUNTIFS('Alle Gebaeude'!C$5:C$2868,B6,'Alle Gebaeude'!H$5:H$2868,1) | F6: =COUNTIF('Alle Gebaeude'!C$5:C$2868,B6) | G6: =_xlfn.MAXIFS('Alle Gebaeude'!F$5:F$2868,'Alle Gebaeude'!C$5:C$2868,B6)
A7: 3 | B7: Hinsbecker Löh | C7: =COUNTIFS('Alle Gebaeude'!C$5:C$2868,B7,'Alle Gebaeude'!H$5:H$2868,3) | D7: =COUNTIFS('Alle Gebaeude'!C$5:C$2868,B7,'Alle Gebaeude'!H$5:H$2868,2) | E7: =COUNTIFS('Alle Gebaeude'!C$5:C$2868,B7,'Alle Gebaeude'!H$5:H$2868,1) | F7: =COUNTIF('Alle Gebaeude'!C$5:C$2868,B7) | G7: =_xlfn.MAXIFS('Alle Gebaeude'!F$5:F$2868,'Alle Gebaeude'!C$5:C$2868,B7)
A8: 4 | B8: Colsmanstraße | C8: =COUNTIFS('Alle Gebaeude'!C$5:C$2868,B8,'Alle Gebaeude'!H$5:H$2868,3) | D8: =COUNTIFS('Alle Gebaeude'!C$5:C$2868,B8,'Alle Gebaeude'!H$5:H$2868,2) | E8: =COUNTIFS('Alle Gebaeude'!C$5:C$2868,B8,'Alle Gebaeude'!H$5:H$2868,1) | F8: =COUNTIF('Alle Gebaeude'!C$5:C$2868,B8) | G8: =_xlfn.MAXIFS('Alle Gebaeude'!F$5:F$2868,'Alle Gebaeude'!C$5:C$2868,B8)
A9: 5 | B9: Blockstraße | C9: =COUNTIFS('Alle Gebaeude'!C$5:C$2868,B9,'Alle Gebaeude'!H$5:H$2868,3) | D9: =COUNTIFS('Alle Gebaeude'!C$5:C$2868,B9,'Alle Gebaeude'!H$5:H$2868,2) | E9: =COUNTIFS('Alle Gebaeude'!C$5:C$2868,B9,'Alle Gebaeude'!H$5:H$2868,1) | F9: =COUNTIF('Alle Gebaeude'!C$5:C$2868,B9) | G9: =_xlfn.MAXIFS('Alle Gebaeude'!F$5:F$2868,'Alle Gebaeude'!C$5:C$2868,B9)
A10: 6 | B10: Niederweniger Straße | C10: =COUNTIFS('Alle Gebaeude'!C$5:C$2868,B10,'Alle Gebaeude'!H$5:H$2868,3) | D10: =COUNTIFS('Alle Gebaeude'!C$5:C$2868,B10,'Alle Gebaeude'!H$5:H$2868,2) | E10: =COUNTIFS('Alle Gebaeude'!C$5:C$2868,B10,'Alle Gebaeude'!H$5:H$2868,1) | F10: =COUNTIF('Alle Gebaeude'!C$5:C$2868,B10) | G10: =_xlfn.MAXIFS('Alle Gebaeude'!F$5:F$2868,'Alle Gebaeude'!C$5:C$2868,B10)
A11: 7 | B11: Dixbäume | C11: =COUNTIFS('Alle Gebaeude'!C$5:C$2868,B11,'Alle Gebaeude'!H$5:H$2868,3) | D11: =COUNTIFS('Alle Gebaeude'!C$5:C$2868,B11,'Alle Gebaeude'!H$5:H$2868,2) | E11: =COUNTIFS('Alle Gebaeude'!C$5:C$2868,B11,'Alle Gebaeude'!H$5:H$2868,1) | F11: =COUNTIF('Alle Gebaeude'!C$5:C$2868,B11) | G11: =_xlfn.MAXIFS('Alle Gebaeude'!F$5:F$2868,'Alle Gebaeude'!C$5:C$2868,B11)
A12: 8 | B12: Deilbachbrücke | C12: =COUNTIFS('Alle Gebaeude'!C$5:C$2868,B12,'Alle Gebaeude'!H$5:H$2868,3) | D12: =COUNTIFS('Alle Gebaeude'!C$5:C$2868,B12,'Alle Gebaeude'!H$5:H$2868,2) | E12: =COUNTIFS('Alle Gebaeude'!C$5:C$2868,B12,'Alle Gebaeude'!H$5:H$2868,1) | F12: =COUNTIF('Alle Gebaeude'!C$5:C$2868,B12) | G12: =_xlfn.MAXIFS('Alle Gebaeude'!F$5:F$2868,'Alle Gebaeude'!C$5:C$2868,B12)
A13: 9 | B13: Möllneyer Ufer | C13: =COUNTIFS('Alle Gebaeude'!C$5:C$2868,B13,'Alle Gebaeude'!H$5:H$2868,3) | D13: =COUNTIFS('Alle Gebaeude'!C$5:C$2868,B13,'Alle Gebaeude'!H$5:H$2868,2) | E13: =COUNTIFS('Alle Gebaeude'!C$5:C$2868,B13,'Alle Gebaeude'!H$5:H$2868,1) | F13: =COUNTIF('Alle Gebaeude'!C$5:C$2868,B13) | G13: =_xlfn.MAXIFS('Alle Gebaeude'!F$5:F$2868,'Alle Gebaeude'!C$5:C$2868,B13)
A14: 10 | B14: Scharpenhang | C14: =COUNTIFS('Alle Gebaeude'!C$5:C$2868,B14,'Alle Gebaeude'!H$5:H$2868,3) | D14: =COUNTIFS('Alle Gebaeude'!C$5:C$2868,B14,'Alle Gebaeude'!H$5:H$2868,2) | E14: =COUNTIFS('Alle Gebaeude'!C$5:C$2868,B14,'Alle Gebaeude'!H$5:H$2868,1) | F14: =COUNTIF('Alle Gebaeude'!C$5:C$2868,B14) | G14: =_xlfn.MAXIFS('Alle Gebaeude'!F$5:F$2868,'Alle Gebaeude'!C$5:C$2868,B14)
A15: 11 | B15: Heidbergweg | C15: =COUNTIFS('Alle Gebaeude'!C$5:C$2868,B15,'Alle Gebaeude'!H$5:H$2868,3) | D15: =COUNTIFS('Alle Gebaeude'!C$5:C$2868,B15,'Alle Gebaeude'!H$5:H$2868,2) | E15: =COUNTIFS('Alle Gebaeude'!C$5:C$2868,B15,'Alle Gebaeude'!H$5:H$2868,1) | F15: =COUNTIF('Alle Gebaeude'!C$5:C$2868,B15) | G15: =_xlfn.MAXIFS('Alle Gebaeude'!F$5:F$2868,'Alle Gebaeude'!C$5:C$2868,B15)
A16: 12 | B16: Hinsbecker Berg | C16: =COUNTIFS('Alle Gebaeude'!C$5:C$2868,B16,'Alle Gebaeude'!H$5:H$2868,3) | D16: =COUNTIFS('Alle Gebaeude'!C$5:C$2868,B16,'Alle Gebaeude'!H$5:H$2868,2) | E16: =COUNTIFS('Alle Gebaeude'!C$5:C$2868,B16,'Alle Gebaeude'!H$5:H$2868,1) | F16: =COUNTIF('Alle Gebaeude'!C$5:C$2868,B16) | G16: =_xlfn.MAXIFS('Alle Gebaeude'!F$5:F$2868,'Alle Gebaeude'!C$5:C$2868,B16)
... A36: 32 | B36: Asbachtal | C36: =COUNTIFS('Alle Gebaeude'!C$5:C$2868,B36,'Alle Gebaeude'!H$5:H$2868,3) | D36: =COUNTIFS('Alle Gebaeude'!C$5:C$2868,B36,'Alle Gebaeude'!H$5:H$2868,2) | E36: =COUNTIFS('Alle Gebaeude'!C$5:C$2868,B36,'Alle Gebaeude'!H$5:H$2868,1) | F36: =COUNTIF('Alle Gebaeude'!C$5:C$2868,B36) | G36: =_xlfn.MAXIFS('Alle Gebaeude'!F$5:F$2868,'Alle Gebaeude'!C$5:C$2868,B36)

Sheet Alle Gebaeude
A1: Starkregenrisiko je Gebaeude - Essen-Kupferdreh
A2: Untersuchungsgebiet 2 x 2 km (EPSG:25832: 366000-368000 / 5694000-5696000), DGM1 NRW, Gebaeude OpenStreetMap
A4: OBJECTID | B4: Gebaeudetyp (OSM) | C4: Strasse | D4: Hausnr. | E4: Grundflaeche (m2) | F4: Max. Senkentiefe (m) | G4: Max. Strahler-Ordnung Fliessweg | H4: Risikoklasse | I4: Risiko
A5: 1 | B5: yes | C5: Frauenstein | D5: 119 | E5: 96.7 | F5: 0.069999695 | G5: 0 | H5: =IF(OR(N(F5)>=0.5,G5>=4),3,IF(OR(N(F5)>=0.3,G5=3),2,IF(OR(N(F5)>=0.1,G5>=1),1,0))) | I5: =CHOOSE(H5+1,"Kein Risiko","Gering","Mittel","Hoch")
A6: 2 | B6: apartments | C6: Kupferdreher Straße | D6: 156 | E6: 150.3 | F6: 0 | G6: 0 | H6: =IF(OR(N(F6)>=0.5,G6>=4),3,IF(OR(N(F6)>=0.3,G6=3),2,IF(OR(N(F6)>=0.1,G6>=1),1,0))) | I6: =CHOOSE(H6+1,"Kein Risiko","Gering","Mittel","Hoch")
A7: 3 | B7: apartments | C7: Bahnstraße | D7: 8 | E7: 120 | F7: 0 | G7: 1 | H7: =IF(OR(N(F7)>=0.5,G7>=4),3,IF(OR(N(F7)>=0.3,G7=3),2,IF(OR(N(F7)>=0.1,G7>=1),1,0))) | I7: =CHOOSE(H7+1,"Kein Risiko","Gering","Mittel","Hoch")
A8: 4 | B8: apartments | C8: Byfanger Straße | D8: 3 | E8: 108.2 | F8: 0 | G8: 0 | H8: =IF(OR(N(F8)>=0.5,G8>=4),3,IF(OR(N(F8)>=0.3,G8=3),2,IF(OR(N(F8)>=0.1,G8>=1),1,0))) | I8: =CHOOSE(H8+1,"Kein Risiko","Gering","Mittel","Hoch")
A9: 5 | B9: apartments | C9: Hofstraße | D9: 6 | E9: 122.7 | F9: 0 | G9: 0 | H9: =IF(OR(N(F9)>=0.5,G9>=4),3,IF(OR(N(F9)>=0.3,G9=3),2,IF(OR(N(F9)>=0.1,G9>=1),1,0))) | I9: =CHOOSE(H9+1,"Kein Risiko","Gering","Mittel","Hoch")
A10: 6 | B10: yes | C10: Colsmanstraße | D10: 7 | E10: 200.9 | F10: 1.0599976 | G10: 0 | H10: =IF(OR(N(F10)>=0.5,G10>=4),3,IF(OR(N(F10)>=0.3,G10=3),2,IF(OR(N(F10)>=0.1,G10>=1),1,0))) | I10: =CHOOSE(H10+1,"Kein Risiko","Gering","Mittel","Hoch")
A11: 7 | B11: apartments | E11: 371.3 | F11: 0.020000458 | G11: 0 | H11: =IF(OR(N(F11)>=0.5,G11>=4),3,IF(OR(N(F11)>=0.3,G11=3),2,IF(OR(N(F11)>=0.1,G11>=1),1,0))) | I11: =CHOOSE(H11+1,"Kein Risiko","Gering","Mittel","Hoch")
A12: 8 | B12: apartments | C12: Kupferdreher Straße | D12: 165 | E12: 192.6 | F12: 0.010002136 | G12: 5 | H12: =IF(OR(N(F12)>=0.5,G12>=4),3,IF(OR(N(F12)>=0.3,G12=3),2,IF(OR(N(F12)>=0.1,G12>=1),1,0))) | I12: =CHOOSE(H12+1,"Kein Risiko","Gering","Mittel","Hoch")
A13: 9 | B13: hospital | C13: Heidbergweg | D13: 22-24 | E13: 2522 | F13: 0.48000336 | G13: 2 | H13: =IF(OR(N(F13)>=0.5,G13>=4),3,IF(OR(N(F13)>=0.3,G13=3),2,IF(OR(N(F13)>=0.1,G13>=1),1,0))) | I13: =CHOOSE(H13+1,"Kein Risiko","Gering","Mittel","Hoch")
A14: 10 | B14: apartments | C14: Narjesstraße | D14: 12 | E14: 244 | F14: 0.030006409 | G14: 0 | H14: =IF(OR(N(F14)>=0.5,G14>=4),3,IF(OR(N(F14)>=0.3,G14=3),2,IF(OR(N(F14)>=0.1,G14>=1),1,0))) | I14: =CHOOSE(H14+1,"Kein Risiko","Gering","Mittel","Hoch")
A15: 11 | B15: public | C15: Benderstraße | D15: 15 | E15: 167.7 | F15: 0 | G15: 1 | H15: =IF(OR(N(F15)>=0.5,G15>=4),3,IF(OR(N(F15)>=0.3,G15=3),2,IF(OR(N(F15)>=0.1,G15>=1),1,0))) | I15: =CHOOSE(H15+1,"Kein Risiko","Gering","Mittel","Hoch")
A16: 12 | B16: kindergarten | C16: Benderstraße | D16: 14 | E16: 490.7 | F16: 0.080001831 | G16: 1 | H16: =IF(OR(N(F16)>=0.5,G16>=4),3,IF(OR(N(F16)>=0.3,G16=3),2,IF(OR(N(F16)>=0.1,G16>=1),1,0))) | I16: =CHOOSE(H16+1,"Kein Risiko","Gering","Mittel","Hoch")
A17: 13 | B17: apartments | C17: Benderstraße | D17: 12 | E17: 168.1 | F17: 0 | G17: 0 | H17: =IF(OR(N(F17)>=0.5,G17>=4),3,IF(OR(N(F17)>=0.3,G17=3),2,IF(OR(N(F17)>=0.1,G17>=1),1,0))) | I17: =CHOOSE(H17+1,"Kein Risiko","Gering","Mittel","Hoch")
A18: 14 | B18: garage | C18: Dixbäume | D18: 78 | E18: 62.6 | F18: 0 | G18: 0 | H18: =IF(OR(N(F18)>=0.5,G18>=4),3,IF(OR(N(F18)>=0.3,G18=3),2,IF(OR(N(F18)>=0.1,G18>=1),1,0))) | I18: =CHOOSE(H18+1,"Kein Risiko","Gering","Mittel","Hoch")
A19: 15 | B19: house | C19: Dixbäume | D19: 75 | E19: 118.2 | F19: 0 | G19: 1 | H19: =IF(OR(N(F19)>=0.5,G19>=4),3,IF(OR(N(F19)>=0.3,G19=3),2,IF(OR(N(F19)>=0.1,G19>=1),1,0))) | I19: =CHOOSE(H19+1,"Kein Risiko","Gering","Mittel","Hoch")
A20: 16 | B20: house | C20: Dixbäume | D20: 81 | E20: 149.5 | F20: 0.010002136 | G20: 0 | H20: =IF(OR(N(F20)>=0.5,G20>=4),3,IF(OR(N(F20)>=0.3,G20=3),2,IF(OR(N(F20)>=0.1,G20>=1),1,0))) | I20: =CHOOSE(H20+1,"Kein Risiko","Gering","Mittel","Hoch")
A21: 17 | B21: kindergarten | C21: Anstockstraße | D21: 11 | E21: 388.7 | F21: 0 | G21: 0 | H21: =IF(OR(N(F21)>=0.5,G21>=4),3,IF(OR(N(F21)>=0.3,G21=3),2,IF(OR(N(F21)>=0.1,G21>=1),1,0))) | I21: =CHOOSE(H21+1,"Kein Risiko","Gering","Mittel","Hoch")
A22: 18 | B22: sports_centre | E22: 457.4 | F22: 0.080001831 | G22: 0 | H22: =IF(OR(N(F22)>=0.5,G22>=4),3,IF(OR(N(F22)>=0.3,G22=3),2,IF(OR(N(F22)>=0.1,G22>=1),1,0))) | I22: =CHOOSE(H22+1,"Kein Risiko","Gering","Mittel","Hoch")
A23: 19 | B23: museum | C23: Kupferdreher Straße | D23: 141-143 | E23: 447.2 | F23: 0.030002594 | G23: 0 | H23: =IF(OR(N(F23)>=0.5,G23>=4),3,IF(OR(N(F23)>=0.3,G23=3),2,IF(OR(N(F23)>=0.1,G23>=1),1,0))) | I23: =CHOOSE(H23+1,"Kein Risiko","Gering","Mittel","Hoch")
A24: 20 | B24: sports_centre | C24: Schwermannstraße | D24: 45 | E24: 1142.7 | F24: 0.049995422 | G24: 0 | H24: =IF(OR(N(F24)>=0.5,G24>=4),3,IF(OR(N(F24)>=0.3,G24=3),2,IF(OR(N(F24)>=0.1,G24>=1),1,0))) | I24: =CHOOSE(H24+1,"Kein Risiko","Gering","Mittel","Hoch")
A25: 21 | B25: apartments | C25: Byfanger Straße | D25: 34 | E25: 177.8 | F25: 0 | G25: 5 | H25: =IF(OR(N(F25)>=0.5,G25>=4),3,IF(OR(N(F25)>=0.3,G25=3),2,IF(OR(N(F25)>=0.1,G25>=1),1,0))) | I25: =CHOOSE(H25+1,"Kein Risiko","Gering","Mittel","Hoch")
A26: 22 | B26: apartments | C26: Dixbäume | D26: 83 | E26: 137.7 | F26: 0 | G26: 2 | H26: =IF(OR(N(F26)>=0.5,G26>=4),3,IF(OR(N(F26)>=0.3,G26=3),2,IF(OR(N(F26)>=0.1,G26>=1),1,0))) | I26: =CHOOSE(H26+1,"Kein Risiko","Gering","Mittel","Hoch")
A27: 23 | B27: church | C27: Dilldorfer Straße | D27: 34 | E27: 837.6 | F27: 0.010002136 | G27: 0 | H27: =IF(OR(N(F27)>=0.5,G27>=4),3,IF(OR(N(F27)>=0.3,G27=3),2,IF(OR(N(F27)>=0.1,G27>=1),1,0))) | I27: =CHOOSE(H27+1,"Kein Risiko","Gering","Mittel","Hoch")
A28: 24 | B28: yes | C28: Eisenhammerweg | D28: 25a | E28: 72.6 | F28: 0 | G28: 1 | H28: =IF(OR(N(F28)>=0.5,G28>=4),3,IF(OR(N(F28)>=0.3,G28=3),2,IF(OR(N(F28)>=0.1,G28>=1),1,0))) | I28: =CHOOSE(H28+1,"Kein Risiko","Gering","Mittel","Hoch")
A29: 25 | B29: office | C29: Deilbachtal | D29: 173 | E29: 2625.9 | G29: 0 | H29: =IF(OR(N(F29)>=0.5,G29>=4),3,IF(OR(N(F29)>=0.3,G29=3),2,IF(OR(N(F29)>=0.1,G29>=1),1,0))) | I29: =CHOOSE(H29+1,"Kein Risiko","Gering","Mittel","Hoch")
A30: 26 | B30: yes | C30: Kampmannbrücke | D30: 37 | E30: 62.8 | F30: 0.20000076 | G30: 0 | H30: =IF(OR(N(F30)>=0.5,G30>=4),3,IF(OR(N(F30)>=0.3,G30=3),2,IF(OR(N(F30)>=0.1,G30>=1),1,0))) | I30: =CHOOSE(H30+1,"Kein Risiko","Gering","Mittel","Hoch")
A31: 27 | B31: parking | E31: 2328.4 | F31: 0.059997559 | G31: 1 | H31: =IF(OR(N(F31)>=0.5,G31>=4),3,IF(OR(N(F31)>=0.3,G31=3),2,IF(OR(N(F31)>=0.1,G31>=1),1,0))) | I31: =CHOOSE(H31+1,"Kein Risiko","Gering","Mittel","Hoch")
A32: 28 | B32: yes | C32: Frauenstein | D32: 121 | E32: 113.8 | F32: 0.020004272 | G32: 0 | H32: =IF(OR(N(F32)>=0.5,G32>=4),3,IF(OR(N(F32)>=0.3,G32=3),2,IF(OR(N(F32)>=0.1,G32>=1),1,0))) | I32: =CHOOSE(H32+1,"Kein Risiko","Gering","Mittel","Hoch")
A33: 29 | B33: commercial | C33: Kupferdreher Straße | D33: 137 | E33: 503.2 | F33: 0.20000076 | G33: 2 | H33: =IF(OR(N(F33)>=0.5,G33>=4),3,IF(OR(N(F33)>=0.3,G33=3),2,IF(OR(N(F33)>=0.1,G33>=1),1,0))) | I33: =CHOOSE(H33+1,"Kein Risiko","Gering","Mittel","Hoch")
A34: 30 | B34: yes | C34: Kupferdreher Straße | D34: 41 | E34: 1294.6 | F34: 0.040000916 | G34: 0 | H34: =IF(OR(N(F34)>=0.5,G34>=4),3,IF(OR(N(F34)>=0.3,G34=3),2,IF(OR(N(F34)>=0.1,G34>=1),1,0))) | I34: =CHOOSE(H34+1,"Kein Risiko","Gering","Mittel","Hoch")
A35: 31 | B35: yes | C35: Kupferdreher Straße | D35: 43 | E35: 1381.6 | F35: 0.23999786 | G35: 2 | H35: =IF(OR(N(F35)>=0.5,G35>=4),3,IF(OR(N(F35)>=0.3,G35=3),2,IF(OR(N(F35)>=0.1,G35>=1),1,0))) | I35: =CHOOSE(H35+1,"Kein Risiko","Gering","Mittel","Hoch")
A36: 32 | B36: yes | E36: 265.8 | F36: 0 | G36: 0 | H36: =IF(OR(N(F36)>=0.5,G36>=4),3,IF(OR(N(F36)>=0.3,G36=3),2,IF(OR(N(F36)>=0.1,G36>=1),1,0))) | I36: =CHOOSE(H36+1,"Kein Risiko","Gering","Mittel","Hoch")
A37: 33 | B37: apartments | C37: Byfanger Straße | D37: 8 | E37: 236.1 | F37: 0 | G37: 0 | H37: =IF(OR(N(F37)>=0.5,G37>=4),3,IF(OR(N(F37)>=0.3,G37=3),2,IF(OR(N(F37)>=0.1,G37>=1),1,0))) | I37: =CHOOSE(H37+1,"Kein Risiko","Gering","Mittel","Hoch")
A38: 34 | B38: yes | C38: Hardenbergufer | E38: 48.2 | F38: 0 | G38: 1 | H38: =IF(OR(N(F38)>=0.5,G38>=4),3,IF(OR(N(F38)>=0.3,G38=3),2,IF(OR(N(F38)>=0.1,G38>=1),1,0))) | I38: =CHOOSE(H38+1,"Kein Risiko","Gering","Mittel","Hoch")
A39: 35 | B39: school | C39: Prinz-Friedrich-Straße | D39: 28a | E39: 1047.2 | F39: 0.010002136 | G39: 0 | H39: =IF(OR(N(F39)>=0.5,G39>=4),3,IF(OR(N(F39)>=0.3,G39=3),2,IF(OR(N(F39)>=0.1,G39>=1),1,0))) | I39: =CHOOSE(H39+1,"Kein Risiko","Gering","Mittel","Hoch")
A40: 36 | B40: yes | C40: Prinz-Friedrich-Straße | D40: 34 | E40: 1332.8 | F40: 0.020000458 | G40: 1 | H40: =IF(OR(N(F40)>=0.5,G40>=4),3,IF(OR(N(F40)>=0.3,G40=3),2,IF(OR(N(F40)>=0.1,G40>=1),1,0))) | I40: =CHOOSE(H40+1,"Kein Risiko","Gering","Mittel","Hoch")
A41: 37 | B41: industrial | C41: Prinz-Friedrich-Straße | D41: 18 | E41: 1085.1 | F41: 0.069999695 | G41: 0 | H41: =IF(OR(N(F41)>=0.5,G41>=4),3,IF(OR(N(F41)>=0.3,G41=3),2,IF(OR(N(F41)>=0.1,G41>=1),1,0))) | I41: =CHOOSE(H41+1,"Kein Risiko","Gering","Mittel","Hoch")
A42: 38 | B42: industrial | C42: Prinz-Friedrich-Straße | D42: 10 | E42: 537.1 | F42: 0 | G42: 0 | H42: =IF(OR(N(F42)>=0.5,G42>=4),3,IF(OR(N(F42)>=0.3,G42=3),2,IF(OR(N(F42)>=0.1,G42>=1),1,0))) | I42: =CHOOSE(H42+1,"Kein Risiko","Gering","Mittel","Hoch")
A43: 39 | B43: yes | C43: Prinz-Friedrich-Straße | D43: 26 | E43: 450.9 | F43: 0.25 | G43: 1 | H43: =IF(OR(N(F43)>=0.5,G43>=4),3,IF(OR(N(F43)>=0.3,G43=3),2,IF(OR(N(F43)>=0.1,G43>=1),1,0))) | I43: =CHOOSE(H43+1,"Kein Risiko","Gering","Mittel","Hoch")
A44: 40 | B44: yes | C44: Prinz-Friedrich-Straße | D44: 24b | E44: 109.8 | F44: 0.25999832 | G44: 0 | H44: =IF(OR(N(F44)>=0.5,G44>=4),3,IF(OR(N(F44)>=0.3,G44=3),2,IF(OR(N(F44)>=0.1,G44>=1),1,0))) | I44: =CHOOSE(H44+1,"Kein Risiko","Gering","Mittel","Hoch")
A45: 41 | B45: industrial | C45: Prinz-Friedrich-Straße | D45: 10 | E45: 296.1 | F45: 0.0099983215 | G45: 0 | H45: =IF(OR(N(F45)>=0.5,G45>=4),3,IF(OR(N(F45)>=0.3,G45=3),2,IF(OR(N(F45)>=0.1,G45>=1),1,0))) | I45: =CHOOSE(H45+1,"Kein Risiko","Gering","Mittel","Hoch")
A46: 42 | B46: industrial | E46: 525.4 | F46: 0.29000092 | G46: 0 | H46: =IF(OR(N(F46)>=0.5,G46>=4),3,IF(OR(N(F46)>=0.3,G46=3),2,IF(OR(N(F46)>=0.1,G46>=1),1,0))) | I46: =CHOOSE(H46+1,"Kein Risiko","Gering","Mittel","Hoch")
A47: 43 | B47: apartments | C47: Prinz-Friedrich-Straße | D47: 14 | E47: 251.7 | F47: 0.18999863 | G47: 0 | H47: =IF(OR(N(F47)>=0.5,G47>=4),3,IF(OR(N(F47)>=0.3,G47=3),2,IF(OR(N(F47)>=0.1,G47>=1),1,0))) | I47: =CHOOSE(H47+1,"Kein Risiko","Gering","Mittel","Hoch")
A48: 44 | B48: industrial | C48: Prinz-Friedrich-Straße | D48: 24a | E48: 156 | F48: 0 | G48: 0 | H48: =IF(OR(N(F48)>=0.5,G48>=4),3,IF(OR(N(F48)>=0.3,G48=3),2,IF(OR(N(F48)>=0.1,G48>=1),1,0))) | I48: =CHOOSE(H48+1,"Kein Risiko","Gering","Mittel","Hoch")
A49: 45 | B49: industrial | E49: 147.2 | F49: 0.040000916 | G49: 0 | H49: =IF(OR(N(F49)>=0.5,G49>=4),3,IF(OR(N(F49)>=0.3,G49=3),2,IF(OR(N(F49)>=0.1,G49>=1),1,0))) | I49: =CHOOSE(H49+1,"Kein Risiko","Gering","Mittel","Hoch")
A50: 46 | B50: yes | C50: Prinz-Friedrich-Straße | D50: 3 | E50: 1074.9 | F50: 2.6599998 | G50: 5 | H50: =IF(OR(N(F50)>=0.5,G50>=4),3,IF(OR(N(F50)>=0.3,G50=3),2,IF(OR(N(F50)>=0.1,G50>=1),1,0))) | I50: =CHOOSE(H50+1,"Kein Risiko","Gering","Mittel","Hoch")
A51: 47 | B51: yes | E51: 479.7 | F51: 1.329998 | G51: 2 | H51: =IF(OR(N(F51)>=0.5,G51>=4),3,IF(OR(N(F51)>=0.3,G51=3),2,IF(OR(N(F51)>=0.1,G51>=1),1,0))) | I51: =CHOOSE(H51+1,"Kein Risiko","Gering","Mittel","Hoch")
A52: 48 | B52: commercial | C52: Hinsbecker Löh | D52: 46 | E52: 117.6 | F52: 0.060001373 | G52: 0 | H52: =IF(OR(N(F52)>=0.5,G52>=4),3,IF(OR(N(F52)>=0.3,G52=3),2,IF(OR(N(F52)>=0.1,G52>=1),1,0))) | I52: =CHOOSE(H52+1,"Kein Risiko","Gering","Mittel","Hoch")
A53: 49 | B53: commercial | C53: Hinsbecker Löh | D53: 44 | E53: 397.9 | F53: 0.069999695 | G53: 1 | H53: =IF(OR(N(F53)>=0.5,G53>=4),3,IF(OR(N(F53)>=0.3,G53=3),2,IF(OR(N(F53)>=0.1,G53>=1),1,0))) | I53: =CHOOSE(H53+1,"Kein Risiko","Gering","Mittel","Hoch")
A54: 50 | B54: yes | C54: Hinsbecker Löh | D54: 32 | E54: 500.6 | F54: 0.029998779 | G54: 1 | H54: =IF(OR(N(F54)>=0.5,G54>=4),3,IF(OR(N(F54)>=0.3,G54=3),2,IF(OR(N(F54)>=0.1,G54>=1),1,0))) | I54: =CHOOSE(H54+1,"Kein Risiko","Gering","Mittel","Hoch")
A55: 51 | B55: yes | C55: Hinsbecker Löh | D55: 30 | E55: 324 | F55: 1.3600006 | G55: 0 | H55: =IF(OR(N(F55)>=0.5,G55>=4),3,IF(OR(N(F55)>=0.3,G55=3),2,IF(OR(N(F55)>=0.1,G55>=1),1,0))) | I55: =CHOOSE(H55+1,"Kein Risiko","Gering","Mittel","Hoch")
A56: 52 | B56: yes | C56: Hinsbecker Löh | D56: 28 | E56: 472.3 | F56: 1.6100006 | G56: 0 | H56: =IF(OR(N(F56)>=0.5,G56>=4),3,IF(OR(N(F56)>=0.3,G56=3),2,IF(OR(N(F56)>=0.1,G56>=1),1,0))) | I56: =CHOOSE(H56+1,"Kein Risiko","Gering","Mittel","Hoch")
A57: 53 | B57: yes | E57: 380.8 | F57: 0.79999924 | G57: 1 | H57: =IF(OR(N(F57)>=0.5,G57>=4),3,IF(OR(N(F57)>=0.3,G57=3),2,IF(OR(N(F57)>=0.1,G57>=1),1,0))) | I57: =CHOOSE(H57+1,"Kein Risiko","Gering","Mittel","Hoch")
A58: 54 | B58: yes | C58: Hinsbecker Löh | D58: 25 | E58: 231.6 | F58: 0.84000015 | G58: 1 | H58: =IF(OR(N(F58)>=0.5,G58>=4),3,IF(OR(N(F58)>=0.3,G58=3),2,IF(OR(N(F58)>=0.1,G58>=1),1,0))) | I58: =CHOOSE(H58+1,"Kein Risiko","Gering","Mittel","Hoch")
A59: 55 | B59: yes | C59: Hinsbecker Löh | D59: 22 | E59: 162.9 | F59: 0.45000076 | G59: 0 | H59: =IF(OR(N(F59)>=0.5,G59>=4),3,IF(OR(N(F59)>=0.3,G59=3),2,IF(OR(N(F59)>=0.1,G59>=1),1,0))) | I59: =CHOOSE(H59+1,"Kein Risiko","Gering","Mittel","Hoch")
A60: 56 | B60: yes | C60: Hinsbecker Löh | D60: 23 | E60: 226.2 | F60: 0.93999863 | G60: 1 | H60: =IF(OR(N(F60)>=0.5,G60>=4),3,IF(OR(N(F60)>=0.3,G60=3),2,IF(OR(N(F60)>=0.1,G60>=1),1,0))) | I60: =CHOOSE(H60+1,"Kein Risiko","Gering","Mittel","Hoch")
A61: 57 | B61: yes | C61: Hinsbecker Löh | D61: 21 | E61: 218.7 | F61: 1 | G61: 1 | H61: =IF(OR(N(F61)>=0.5,G61>=4),3,IF(OR(N(F61)>=0.3,G61=3),2,IF(OR(N(F61)>=0.1,G61>=1),1,0))) | I61: =CHOOSE(H61+1,"Kein Risiko","Gering","Mittel","Hoch")
A62: 58 | B62: supermarket | C62: Hinsbecker Löh | D62: 16 | E62: 399.7 | F62: 0.65999985 | G62: 0 | H62: =IF(OR(N(F62)>=0.5,G62>=4),3,IF(OR(N(F62)>=0.3,G62=3),2,IF(OR(N(F62)>=0.1,G62>=1),1,0))) | I62: =CHOOSE(H62+1,"Kein Risiko","Gering","Mittel","Hoch")
A63: 59 | B63: retail | C63: Hinsbecker Löh | D63: 16 | E63: 1373.4 | F63: 0.20000076 | G63: 3 | H63: =IF(OR(N(F63)>=0.5,G63>=4),3,IF(OR(N(F63)>=0.3,G63=3),2,IF(OR(N(F63)>=0.1,G63>=1),1,0))) | I63: =CHOOSE(H63+1,"Kein Risiko","Gering","Mittel","Hoch")
A64: 60 | B64: yes | C64: Hinsbecker Löh | D64: 14 | E64: 292.6 | F64: 0.95000076 | G64: 3 | H64: =IF(OR(N(F64)>=0.5,G64>=4),3,IF(OR(N(F64)>=0.3,G64=3),2,IF(OR(N(F64)>=0.1,G64>=1),1,0))) | I64: =CHOOSE(H64+1,"Kein Risiko","Gering","Mittel","Hoch")
A65: 61 | B65: retail | C65: Kupferdreher Straße | D65: 128 | E65: 1067.3 | F65: 0.020000458 | G65: 0 | H65: =IF(OR(N(F65)>=0.5,G65>=4),3,IF(OR(N(F65)>=0.3,G65=3),2,IF(OR(N(F65)>=0.1,G65>=1),1,0))) | I65: =CHOOSE(H65+1,"Kein Risiko","Gering","Mittel","Hoch")
A66: 62 | B66: yes | C66: Hinsbecker Löh | D66: 12 | E66: 293.1 | F66: 0.25999832 | G66: 3 | H66: =IF(OR(N(F66)>=0.5,G66>=4),3,IF(OR(N(F66)>=0.3,G66=3),2,IF(OR(N(F66)>=0.1,G66>=1),1,0))) | I66: =CHOOSE(H66+1,"Kein Risiko","Gering","Mittel","Hoch")
A67: 63 | B67: industrial | C67: Hinsbecker Löh | D67: 10 | E67: 19339.5 | F67: 1.9799995 | G67: 5 | H67: =IF(OR(N(F67)>=0.5,G67>=4),3,IF(OR(N(F67)>=0.3,G67=3),2,IF(OR(N(F67)>=0.1,G67>=1),1,0))) | I67: =CHOOSE(H67+1,"Kein Risiko","Gering","Mittel","Hoch")
A68: 64 | B68: sports_centre | C68: Nierenhofer Straße | D68: 14 | E68: 292.6 | F68: 0.010002136 | G68: 0 | H68: =IF(OR(N(F68)>=0.5,G68>=4),3,IF(OR(N(F68)>=0.3,G68=3),2,IF(OR(N(F68)>=0.1,G68>=1),1,0))) | I68: =CHOOSE(H68+1,"Kein Risiko","Gering","Mittel","Hoch")
A69: 65 | B69: yes | C69: Hardenbergufer | D69: 700 | E69: 270.8 | F69: 0.069999695 | G69: 0 | H69: =IF(OR(N(F69)>=0.5,G69>=4),3,IF(OR(N(F69)>=0.3,G69=3),2,IF(OR(N(F69)>=0.1,G69>=1),1,0))) | I69: =CHOOSE(H69+1,"Kein Risiko","Gering","Mittel","Hoch")
... A125: 121 | B125: apartments | C125: Reulsbergweg | D125: 1b,3 | E125: 272.8 | F125: 0 | G125: 1 | H125: =IF(OR(N(F125)>=0.5,G125>=4),3,IF(OR(N(F125)>=0.3,G125=3),2,IF(OR(N(F125)>=0.1,G125>=1),1,0))) | I125: =CHOOSE(H125+1,"Kein Risiko","Gering","Mittel","Hoch")
A126: 122 | B126: garage | E126: 49.7 | F126: 0 | G126: 0 | H126: =IF(OR(N(F126)>=0.5,G126>=4),3,IF(OR(N(F126)>=0.3,G126=3),2,IF(OR(N(F126)>=0.1,G126>=1),1,0))) | I126: =CHOOSE(H126+1,"Kein Risiko","Gering","Mittel","Hoch")
A127: 123 | B127: semidetached_house | C127: Gillesweg | D127: 9 | E127: 122.5 | F127: 0 | G127: 0 | H127: =IF(OR(N(F127)>=0.5,G127>=4),3,IF(OR(N(F127)>=0.3,G127=3),2,IF(OR(N(F127)>=0.1,G127>=1),1,0))) | I127: =CHOOSE(H127+1,"Kein Risiko","Gering","Mittel","Hoch")
A128: 124 | B128: apartments | C128: Provesthöhe | D128: 8 | E128: 75.1 | F128: 0.020004272 | G128: 1 | H128: =IF(OR(N(F128)>=0.5,G128>=4),3,IF(OR(N(F128)>=0.3,G128=3),2,IF(OR(N(F128)>=0.1,G128>=1),1,0))) | I128: =CHOOSE(H128+1,"Kein Risiko","Gering","Mittel","Hoch")
A129: 125 | B129: residential | C129: Dixbäume | D129: 7b | E129: 139.9 | F129: 0 | G129: 1 | H129: =IF(OR(N(F129)>=0.5,G129>=4),3,IF(OR(N(F129)>=0.3,G129=3),2,IF(OR(N(F129)>=0.1,G129>=1),1,0))) | I129: =CHOOSE(H129+1,"Kein Risiko","Gering","Mittel","Hoch")
A130: 126 | B130: detached | C130: Heidbergweg | D130: 43 | E130: 179.2 | F130: 0.040000916 | G130: 2 | H130: =IF(OR(N(F130)>=0.5,G130>=4),3,IF(OR(N(F130)>=0.3,G130=3),2,IF(OR(N(F130)>=0.1,G130>=1),1,0))) | I130: =CHOOSE(H130+1,"Kein Risiko","Gering","Mittel","Hoch")
A131: 127 | B131: residential | C131: Dixbäume | D131: 7c | E131: 102.8 | F131: 0.30000305 | G131: 2 | H131: =IF(OR(N(F131)>=0.5,G131>=4),3,IF(OR(N(F131)>=0.3,G131=3),2,IF(OR(N(F131)>=0.1,G131>=1),1,0))) | I131: =CHOOSE(H131+1,"Kein Risiko","Gering","Mittel","Hoch")
A132: 128 | B132: residential | C132: Dixbäume | D132: 7 | E132: 155.7 | F132: 0 | G132: 2 | H132: =IF(OR(N(F132)>=0.5,G132>=4),3,IF(OR(N(F132)>=0.3,G132=3),2,IF(OR(N(F132)>=0.1,G132>=1),1,0))) | I132: =CHOOSE(H132+1,"Kein Risiko","Gering","Mittel","Hoch")
A133: 129 | B133: detached | C133: Dixbäume | D133: 19e | E133: 89.2 | F133: 0.52999878 | G133: 0 | H133: =IF(OR(N(F133)>=0.5,G133>=4),3,IF(OR(N(F133)>=0.3,G133=3),2,IF(OR(N(F133)>=0.1,G133>=1),1,0))) | I133: =CHOOSE(H133+1,"Kein Risiko","Gering","Mittel","Hoch")
A134: 130 | B134: yes | C134: Heidbergweg | D134: 41 | E134: 179.2 | F134: 0 | G134: 0 | H134: =IF(OR(N(F134)>=0.5,G134>=4),3,IF(OR(N(F134)>=0.3,G134=3),2,IF(OR(N(F134)>=0.1,G134>=1),1,0))) | I134: =CHOOSE(H134+1,"Kein Risiko","Gering","Mittel","Hoch")
A135: 131 | B135: residential | C135: Dixbäume | D135: 7a | E135: 96.9 | F135: 0 | G135: 1 | H135: =IF(OR(N(F135)>=0.5,G135>=4),3,IF(OR(N(F135)>=0.3,G135=3),2,IF(OR(N(F135)>=0.1,G135>=1),1,0))) | I135: =CHOOSE(H135+1,"Kein Risiko","Gering","Mittel","Hoch")
A136: 132 | B136: detached | C136: Heidbergweg | D136: 45 | E136: 177 | F136: 0.029998779 | G136: 1 | H136: =IF(OR(N(F136)>=0.5,G136>=4),3,IF(OR(N(F136)>=0.3,G136=3),2,IF(OR(N(F136)>=0.1,G136>=1),1,0))) | I136: =CHOOSE(H136+1,"Kein Risiko","Gering","Mittel","Hoch")
A137: 133 | B137: apartments | C137: Reulsbergweg | D137: 11b | E137: 159.5 | F137: 0 | G137: 3 | H137: =IF(OR(N(F137)>=0.5,G137>=4),3,IF(OR(N(F137)>=0.3,G137=3),2,IF(OR(N(F137)>=0.1,G137>=1),1,0))) | I137: =CHOOSE(H137+1,"Kein Risiko","Gering","Mittel","Hoch")
A138: 134 | B138: apartments | C138: Provesthöhe | D138: 9 | E138: 162.4 | F138: 0.040000916 | G138: 0 | H138: =IF(OR(N(F138)>=0.5,G138>=4),3,IF(OR(N(F138)>=0.3,G138=3),2,IF(OR(N(F138)>=0.1,G138>=1),1,0))) | I138: =CHOOSE(H138+1,"Kein Risiko","Gering","Mittel","Hoch")
... A193: 189 | B193: yes | C193: Kupferdreher Straße | D193: 47 | E193: 151.4 | F193: 0.059997559 | G193: 3 | H193: =IF(OR(N(F193)>=0.5,G193>=4),3,IF(OR(N(F193)>=0.3,G193=3),2,IF(OR(N(F193)>=0.1,G193>=1),1,0))) | I193: =CHOOSE(H193+1,"Kein Risiko","Gering","Mittel","Hoch")
A194: 190 | B194: yes | E194: 1215.3 | F194: 0.22999954 | G194: 0 | H194: =IF(OR(N(F194)>=0.5,G194>=4),3,IF(OR(N(F194)>=0.3,G194=3),2,IF(OR(N(F194)>=0.1,G194>=1),1,0))) | I194: =CHOOSE(H194+1,"Kein Risiko","Gering","Mittel","Hoch")
A195: 191 | B195: yes | E195: 297 | F195: 1.1199989 | G195: 0 | H195: =IF(OR(N(F195)>=0.5,G195>=4),3,IF(OR(N(F195)>=0.3,G195=3),2,IF(OR(N(F195)>=0.1,G195>=1),1,0))) | I195: =CHOOSE(H195+1,"Kein Risiko","Gering","Mittel","Hoch")
A196: 192 | B196: industrial | C196: Prinz-Friedrich-Straße | D196: 22 | E196: 116.4 | F196: 0.090000153 | G196: 0 | H196: =IF(OR(N(F196)>=0.5,G196>=4),3,IF(OR(N(F196)>=0.3,G196=3),2,IF(OR(N(F196)>=0.1,G196>=1),1,0))) | I196: =CHOOSE(H196+1,"Kein Risiko","Gering","Mittel","Hoch")
A197: 193 | B197: yes | C197: Phönixhütte | D197: 11 | E197: 135.2 | F197: 1.2700005 | G197: 2 | H197: =IF(OR(N(F197)>=0.5,G197>=4),3,IF(OR(N(F197)>=0.3,G197=3),2,IF(OR(N(F197)>=0.1,G197>=1),1,0))) | I197: =CHOOSE(H197+1,"Kein Risiko","Gering","Mittel","Hoch")
A198: 194 | B198: yes | E198: 294.6 | F198: 1.3800011 | G198: 2 | H198: =IF(OR(N(F198)>=0.5,G198>=4),3,IF(OR(N(F198)>=0.3,G198=3),2,IF(OR(N(F198)>=0.1,G198>=1),1,0))) | I198: =CHOOSE(H198+1,"Kein Risiko","Gering","Mittel","Hoch")
A199: 195 | B199: office | C199: Prinz-Friedrich-Straße | D199: 30 | E199: 334.4 | F199: 0.18000031 | G199: 0 | H199: =IF(OR(N(F199)>=0.5,G199>=4),3,IF(OR(N(F199)>=0.3,G199=3),2,IF(OR(N(F199)>=0.1,G199>=1),1,0))) | I199: =CHOOSE(H199+1,"Kein Risiko","Gering","Mittel","Hoch")
A200: 196 | B200: yes | C200: Kampmannbrücke | D200: 3 | E200: 101.6 | F200: 0 | G200: 0 | H200: =IF(OR(N(F200)>=0.5,G200>=4),3,IF(OR(N(F200)>=0.3,G200=3),2,IF(OR(N(F200)>=0.1,G200>=1),1,0))) | I200: =CHOOSE(H200+1,"Kein Risiko","Gering","Mittel","Hoch")
A201: 197 | B201: yes | C201: Kampmannbrücke | D201: 29 | E201: 71.6 | F201: 0.019996643 | G201: 0 | H201: =IF(OR(N(F201)>=0.5,G201>=4),3,IF(OR(N(F201)>=0.3,G201=3),2,IF(OR(N(F201)>=0.1,G201>=1),1,0))) | I201: =CHOOSE(H201+1,"Kein Risiko","Gering","Mittel","Hoch")
A202: 198 | B202: yes | E202: 335.9 | F202: 0 | G202: 3 | H202: =IF(OR(N(F202)>=0.5,G202>=4),3,IF(OR(N(F202)>=0.3,G202=3),2,IF(OR(N(F202)>=0.1,G202>=1),1,0))) | I202: =CHOOSE(H202+1,"Kein Risiko","Gering","Mittel","Hoch")
A203: 199 | B203: yes | C203: Kampmannbrücke | D203: 33 | E203: 165.2 | F203: 0.31999969 | G203: 0 | H203: =IF(OR(N(F203)>=0.5,G203>=4),3,IF(OR(N(F203)>=0.3,G203=3),2,IF(OR(N(F203)>=0.1,G203>=1),1,0))) | I203: =CHOOSE(H203+1,"Kein Risiko","Gering","Mittel","Hoch")
A204: 200 | B204: yes | C204: Kampmannbrücke | D204: 31 | E204: 166.8 | F204: 0.010002136 | G204: 0 | H204: =IF(OR(N(F204)>=0.5,G204>=4),3,IF(OR(N(F204)>=0.3,G204=3),2,IF(OR(N(F204)>=0.1,G204>=1),1,0))) | I204: =CHOOSE(H204+1,"Kein Risiko","Gering","Mittel","Hoch")
A205: 201 | B205: yes | C205: Holsteinanger | D205: 34 | E205: 114.7 | F205: 0.029998779 | G205: 0 | H205: =IF(OR(N(F205)>=0.5,G205>=4),3,IF(OR(N(F205)>=0.3,G205=3),2,IF(OR(N(F205)>=0.1,G205>=1),1,0))) | I205: =CHOOSE(H205+1,"Kein Risiko","Gering","Mittel","Hoch")
A206: 202 | B206: yes | C206: Holsteinanger | D206: 24a | E206: 221.8 | F206: 0.049995422 | G206: 0 | H206: =IF(OR(N(F206)>=0.5,G206>=4),3,IF(OR(N(F206)>=0.3,G206=3),2,IF(OR(N(F206)>=0.1,G206>=1),1,0))) | I206: =CHOOSE(H206+1,"Kein Risiko","Gering","Mittel","Hoch")
A207: 203 | B207: yes | C207: Holsteinanger | D207: 42 | E207: 192.2 | F207: 0.040000916 | G207: 1 | H207: =IF(OR(N(F207)>=0.5,G207>=4),3,IF(OR(N(F207)>=0.3,G207=3),2,IF(OR(N(F207)>=0.1,G207>=1),1,0))) | I207: =CHOOSE(H207+1,"Kein Risiko","Gering","Mittel","Hoch")
A208: 204 | B208: yes | C208: Holsteinanger | D208: 26 | E208: 123.7 | F208: 0 | G208: 0 | H208: =IF(OR(N(F208)>=0.5,G208>=4),3,IF(OR(N(F208)>=0.3,G208=3),2,IF(OR(N(F208)>=0.1,G208>=1),1,0))) | I208: =CHOOSE(H208+1,"Kein Risiko","Gering","Mittel","Hoch")
A209: 205 | B209: yes | C209: Holsteinanger | D209: 40 | E209: 104.4 | F209: 0.11000061 | G209: 0 | H209: =IF(OR(N(F209)>=0.5,G209>=4),3,IF(OR(N(F209)>=0.3,G209=3),2,IF(OR(N(F209)>=0.1,G209>=1),1,0))) | I209: =CHOOSE(H209+1,"Kein Risiko","Gering","Mittel","Hoch")
A210: 206 | B210: yes | C210: Holsteinanger | D210: 52 | E210: 163.7 | F210: 0.020004272 | G210: 0 | H210: =IF(OR(N(F210)>=0.5,G210>=4),3,IF(OR(N(F210)>=0.3,G210=3),2,IF(OR(N(F210)>=0.1,G210>=1),1,0))) | I210: =CHOOSE(H210+1,"Kein Risiko","Gering","Mittel","Hoch")
...
